2019-08-17 10:46:42,19.25,19.75,19.625
2019-08-17 10:46:47,19.25,19.75,19.625
2019-08-17 10:46:53,19.25,19.75,19.625
2019-08-17 10:46:59,19.25,19.75,19.625
2019-08-17 10:47:04,19.25,19.75,19.625
2019-08-17 10:47:10,19.25,19.75,19.625
2019-08-17 10:47:16,19.25,19.75,19.625
2019-08-17 10:47:21,19.25,19.75,19.625
2019-08-17 10:47:27,19.25,19.75,19.625
2019-08-17 10:47:33,19.25,19.75,19.625
2019-08-17 10:47:38,19.25,19.75,19.625
2019-08-17 10:47:44,19.25,19.75,19.625
2019-08-17 10:47:50,19.25,19.75,19.625
2019-08-17 10:47:56,19.25,19.75,19.625
2019-08-17 10:48:02,19.25,19.75,19.625
2019-08-17 10:48:07,19.25,19.75,19.625
2019-08-17 10:48:13,19.25,19.75,19.625
2019-08-17 10:48:19,19.25,19.75,19.625
2019-08-17 10:48:24,19.25,19.75,19.625
2019-08-17 10:48:30,19.25,19.75,19.625
2019-08-17 10:48:36,19.25,19.75,19.625
2019-08-17 10:48:41,19.25,19.75,19.625
2019-08-17 10:48:47,19.25,19.75,19.625
2019-08-17 10:48:53,19.25,19.75,19.625
2019-08-17 10:48:58,19.25,19.75,19.625
2019-08-17 10:49:04,19.25,19.75,19.625
2019-08-17 10:49:10,19.25,19.75,19.625
2019-08-17 10:49:15,19.25,19.75,19.625
2019-08-17 10:49:21,19.25,19.75,19.625
2019-08-17 10:49:27,19.25,19.75,19.687
2019-08-17 10:49:33,19.25,19.75,19.625
2019-08-17 10:49:38,19.25,19.75,19.625
2019-08-17 10:49:44,19.25,19.75,19.687
2019-08-17 10:49:50,19.25,19.75,19.625
2019-08-17 10:49:55,19.312,19.75,19.687
2019-08-17 10:50:01,19.312,19.75,19.687
2019-08-17 10:50:07,19.25,19.75,19.687
2019-08-17 10:50:12,19.312,19.75,19.625
2019-08-17 10:50:18,19.312,19.75,19.687
2019-08-17 10:50:24,19.25,19.75,19.625
2019-08-17 10:50:29,19.312,19.75,19.687
2019-08-17 10:50:35,19.25,19.75,19.625
2019-08-17 10:50:41,19.312,19.75,19.687
2019-08-17 10:50:47,19.312,19.75,19.687
2019-08-17 10:50:52,19.312,19.75,19.625
2019-08-17 10:50:58,19.25,19.75,19.687
2019-08-17 10:51:04,19.312,19.75,19.687
2019-08-17 10:51:09,19.312,19.75,19.687
2019-08-17 10:51:15,19.312,19.75,19.687
2019-08-17 10:51:21,19.312,19.75,19.687
2019-08-17 10:51:26,19.312,19.75,19.687
2019-08-17 10:51:32,19.312,19.75,19.687
2019-08-17 10:51:38,19.312,19.75,19.687
2019-08-17 10:51:43,19.312,19.75,19.625
2019-08-17 10:51:49,19.312,19.75,19.687
2019-08-17 10:51:55,19.312,19.75,19.687
2019-08-17 10:52:00,19.312,19.75,19.687
2019-08-17 10:52:06,19.312,19.75,19.687
2019-08-17 10:52:12,19.312,19.812,19.687
2019-08-17 10:52:17,19.312,19.812,19.687
2019-08-17 10:52:23,19.312,19.75,19.687
2019-08-17 10:52:29,19.312,19.75,19.687
2019-08-17 10:52:34,19.312,19.75,19.687
2019-08-17 10:52:40,19.312,19.812,19.687
2019-08-17 10:52:46,19.25,19.75,19.687
2019-08-17 10:52:52,19.312,19.75,19.687
2019-08-17 10:52:57,19.25,19.75,19.687
2019-08-17 10:53:03,19.312,19.812,19.687
2019-08-17 10:53:09,19.312,19.75,19.687
2019-08-17 10:53:14,19.312,19.812,19.687
2019-08-17 10:53:20,19.312,19.75,19.687
2019-08-17 10:53:26,19.312,19.812,19.687
2019-08-17 10:53:31,19.312,19.75,19.687
2019-08-17 10:53:37,19.312,19.812,19.687
2019-08-17 10:53:43,19.312,19.812,19.687
2019-08-17 10:53:48,19.25,19.812,19.687
2019-08-17 10:53:54,19.312,19.75,19.687
2019-08-17 10:54:00,19.312,19.75,19.687
2019-08-17 10:54:06,19.312,19.812,19.687
2019-08-17 10:54:11,19.312,19.75,19.687
2019-08-17 10:54:17,19.312,19.812,19.687
2019-08-17 10:54:23,19.312,19.75,19.687
2019-08-17 10:54:28,19.312,19.75,19.687
2019-08-17 10:54:34,19.312,19.812,19.687
2019-08-17 10:54:40,19.312,19.75,19.687
2019-08-17 10:54:45,19.312,19.812,19.687
2019-08-17 10:54:51,19.312,19.812,19.687
2019-08-17 10:54:59,19.312,19.75,19.687
2019-08-17 10:55:05,19.312,19.812,19.687
2019-08-17 10:55:11,19.312,19.75,19.687
2019-08-17 10:55:16,19.312,19.812,19.687
2019-08-17 10:55:22,19.312,19.812,19.687
2019-08-17 10:55:30,19.312,19.812,19.687
2019-08-17 10:55:35,19.312,19.812,19.687
2019-08-17 10:55:41,19.312,19.812,19.687
2019-08-17 10:55:47,19.312,19.812,19.687
2019-08-17 10:55:52,19.312,19.812,19.687
2019-08-17 10:55:59,19.312,19.812,19.687
2019-08-17 10:56:05,19.312,19.75,19.687
2019-08-17 10:56:10,19.312,19.75,19.687
2019-08-17 10:56:16,19.312,19.75,19.687
2019-08-17 10:56:22,19.312,19.812,19.687
2019-08-17 10:56:27,19.312,19.812,19.687
2019-08-17 10:56:33,19.312,19.812,19.687
2019-08-17 10:56:39,19.312,19.812,19.687
2019-08-17 10:56:45,19.312,19.75,19.687
2019-08-17 10:56:50,19.312,19.75,19.687
2019-08-17 10:56:56,19.312,19.812,19.687
2019-08-17 10:57:02,19.312,19.812,19.687
2019-08-17 10:57:07,19.312,19.75,19.687
2019-08-17 10:57:13,19.312,19.812,19.687
2019-08-17 10:57:19,19.312,19.812,19.687
2019-08-17 10:57:24,19.312,19.812,19.687
2019-08-17 10:57:30,19.312,19.812,19.687
2019-08-17 10:57:36,19.312,19.812,19.687
2019-08-17 10:57:42,19.312,19.812,19.687
2019-08-17 10:57:47,19.312,19.812,19.687
2019-08-17 10:57:53,19.312,19.812,19.687
2019-08-17 10:57:59,19.312,19.75,19.687
2019-08-17 10:58:06,19.312,19.812,19.687
2019-08-17 10:58:13,19.312,19.812,19.687
2019-08-17 10:58:18,19.312,19.812,19.687
2019-08-17 10:58:24,19.312,19.812,19.687
2019-08-17 10:58:30,19.312,19.75,19.687
2019-08-17 10:58:35,19.312,19.812,19.687
2019-08-17 10:58:41,19.312,19.812,19.687
2019-08-17 10:58:47,19.312,19.812,19.687
2019-08-17 10:58:52,19.312,19.812,19.687
2019-08-17 10:58:58,19.312,19.75,19.687
2019-08-17 10:59:04,19.312,19.812,19.687
2019-08-17 10:59:10,19.312,19.812,19.687
2019-08-17 10:59:15,19.312,19.812,19.687
2019-08-17 10:59:21,19.312,19.812,19.687
2019-08-17 10:59:27,19.312,19.812,19.687
2019-08-17 10:59:32,19.312,19.812,19.687
2019-08-17 10:59:38,19.312,19.812,19.687
2019-08-17 10:59:44,19.312,19.812,19.687
2019-08-17 10:59:49,19.312,19.812,19.687
2019-08-17 10:59:55,19.312,19.812,19.687
2019-08-17 11:00:01,19.312,19.812,19.687
2019-08-17 11:00:06,19.312,19.812,19.687
2019-08-17 11:00:13,19.312,19.812,19.687
2019-08-17 11:00:18,19.312,19.812,19.687
2019-08-17 11:00:25,19.312,19.812,19.687
2019-08-17 11:00:31,19.312,19.812,19.687
2019-08-17 11:00:36,19.312,19.812,19.687
2019-08-17 11:00:42,19.312,19.812,19.687
2019-08-17 11:00:49,19.312,19.812,19.687
2019-08-17 11:00:54,19.312,19.812,19.687
2019-08-17 11:01:01,19.312,19.812,19.687
2019-08-17 11:01:06,19.312,19.812,19.687
2019-08-17 11:01:12,19.312,19.812,19.687
2019-08-17 11:01:19,19.312,19.812,19.687
2019-08-17 11:01:24,19.312,19.812,19.687
2019-08-17 11:01:30,19.312,19.812,19.687
2019-08-17 11:01:36,19.312,19.812,19.687
2019-08-17 11:01:41,19.312,19.812,19.687
2019-08-17 11:01:47,19.312,19.812,19.687
2019-08-17 11:01:53,19.312,19.812,19.687
2019-08-17 11:01:58,19.312,19.75,19.687
2019-08-17 11:02:04,19.312,19.812,19.687
2019-08-17 11:02:10,19.312,19.812,19.687
2019-08-17 11:02:16,19.312,19.812,19.687
2019-08-17 11:02:21,19.312,19.812,19.687
2019-08-17 11:02:27,19.312,19.812,19.687
2019-08-17 11:02:33,19.312,19.812,19.687
2019-08-17 11:02:38,19.312,19.812,19.687
2019-08-17 11:02:44,19.312,19.812,19.687
2019-08-17 11:02:50,19.312,19.812,19.687
2019-08-17 11:02:55,19.312,19.812,19.687
2019-08-17 11:03:01,19.312,19.812,19.687
2019-08-17 11:03:07,19.312,19.812,19.687
2019-08-17 11:03:12,19.312,19.812,19.687
2019-08-17 11:03:18,19.312,19.812,19.687
2019-08-17 11:03:24,19.312,19.812,19.687
2019-08-17 11:03:30,19.312,19.812,19.687
2019-08-17 11:03:35,19.312,19.812,19.687
2019-08-17 11:03:41,19.312,19.812,19.687
2019-08-17 11:03:47,19.312,19.812,19.687
2019-08-17 11:03:52,19.312,19.812,19.687
2019-08-17 11:03:58,19.312,19.75,19.687
2019-08-17 11:04:04,19.312,19.812,19.687
2019-08-17 11:04:09,19.312,19.812,19.687
2019-08-17 11:04:15,19.312,19.812,19.687
2019-08-17 11:04:21,19.312,19.812,19.687
2019-08-17 11:04:26,19.312,19.812,19.687
2019-08-17 11:04:32,19.312,19.75,19.687
2019-08-17 11:04:38,19.312,19.812,19.687
2019-08-17 11:04:44,19.312,19.812,19.687
2019-08-17 11:04:50,19.312,19.75,19.687
2019-08-17 11:04:56,19.312,19.812,19.687
2019-08-17 11:05:01,19.312,19.75,19.687
2019-08-17 11:05:07,19.312,19.812,19.687
2019-08-17 11:05:13,19.312,19.812,19.687
2019-08-17 11:05:19,19.312,19.812,19.687
2019-08-17 11:05:25,19.312,19.812,19.687
2019-08-17 11:05:31,19.312,19.812,19.687
2019-08-17 11:05:36,19.312,19.75,19.687
2019-08-17 11:05:43,19.312,19.75,19.687
2019-08-17 11:05:49,19.312,19.75,19.687
2019-08-17 11:05:54,19.312,19.75,19.687
2019-08-17 11:06:00,19.312,19.75,19.687
2019-08-17 11:06:06,19.312,19.75,19.687
2019-08-17 11:06:11,19.312,19.75,19.687
2019-08-17 11:06:17,19.312,19.812,19.687
2019-08-17 11:06:23,19.312,19.812,19.687
2019-08-17 11:06:28,19.312,19.812,19.687
2019-08-17 11:06:34,19.312,19.812,19.687
2019-08-17 11:06:40,19.312,19.812,19.687
2019-08-17 11:06:45,19.312,19.75,19.687
2019-08-17 11:06:51,19.312,19.75,19.687
2019-08-17 11:06:57,19.312,19.812,19.687
2019-08-17 11:07:02,19.312,19.812,19.687
2019-08-17 11:07:08,19.312,19.812,19.687
2019-08-17 11:07:15,19.312,19.812,19.687
2019-08-17 11:07:20,19.312,19.812,19.687
2019-08-17 11:07:26,19.312,19.812,19.687
2019-08-17 11:07:32,19.312,19.812,19.687
2019-08-17 11:07:38,19.312,19.75,19.687
2019-08-17 11:07:43,19.312,19.812,19.687
2019-08-17 11:07:49,19.312,19.812,19.687
2019-08-17 11:07:56,19.312,19.812,19.687
2019-08-17 11:08:02,19.312,19.75,19.687
2019-08-17 11:08:07,19.312,19.812,19.687
2019-08-17 11:08:13,19.312,19.812,19.687
2019-08-17 11:08:19,19.312,19.75,19.687
2019-08-17 11:08:24,19.312,19.75,19.687
2019-08-17 11:08:30,19.312,19.812,19.687
2019-08-17 11:08:36,19.312,19.75,19.687
2019-08-17 11:08:41,19.312,19.812,19.687
2019-08-17 11:08:47,19.312,19.812,19.687
2019-08-17 11:08:53,19.312,19.812,19.687
2019-08-17 11:08:58,19.312,19.812,19.687
2019-08-17 11:09:04,19.312,19.812,19.687
2019-08-17 11:09:10,19.312,19.812,19.687
2019-08-17 11:09:16,19.312,19.812,19.687
2019-08-17 11:09:21,19.312,19.812,19.687
2019-08-17 11:09:27,19.312,19.75,19.687
2019-08-17 11:09:33,19.312,19.812,19.687
2019-08-17 11:09:38,19.312,19.812,19.687
2019-08-17 11:09:45,19.312,19.812,19.687
2019-08-17 11:09:50,19.312,19.812,19.687
2019-08-17 11:09:57,19.312,19.812,19.687
2019-08-17 11:10:03,19.312,19.812,19.687
2019-08-17 11:10:08,19.312,19.812,19.687
2019-08-17 11:10:14,19.312,19.812,19.687
2019-08-17 11:10:20,19.312,19.812,19.687
2019-08-17 11:10:25,19.312,19.812,19.687
2019-08-17 11:10:31,19.312,19.812,19.687
2019-08-17 11:10:37,19.312,19.812,19.687
2019-08-17 11:10:43,19.312,19.812,19.687
2019-08-17 11:10:49,19.312,19.812,19.687
2019-08-17 11:10:55,19.312,19.812,19.687
2019-08-17 11:11:00,19.312,19.812,19.687
2019-08-17 11:11:06,19.312,19.812,19.687
2019-08-17 11:11:12,19.312,19.812,19.687
2019-08-17 11:11:18,19.312,19.812,19.687
2019-08-17 11:11:23,19.312,19.812,19.687
2019-08-17 11:11:29,19.312,19.812,19.687
2019-08-17 11:11:35,19.312,19.812,19.687
2019-08-17 11:11:40,19.312,19.812,19.687
2019-08-17 11:11:46,19.312,19.812,19.687
2019-08-17 11:11:52,19.312,19.812,19.687
2019-08-17 11:11:57,19.312,19.812,19.687
2019-08-17 11:12:05,19.312,19.75,19.687
2019-08-17 11:12:11,19.312,19.812,19.687
2019-08-17 11:12:16,19.312,19.812,19.687
2019-08-17 11:12:22,19.312,19.812,19.687
2019-08-17 11:12:28,19.312,19.812,19.687
2019-08-17 11:12:33,19.312,19.812,19.687
2019-08-17 11:12:39,19.312,19.812,19.687
2019-08-17 11:12:45,19.312,19.812,19.687
2019-08-17 11:12:50,19.312,19.812,19.687
2019-08-17 11:12:56,19.312,19.812,19.687
2019-08-17 11:13:03,19.312,19.812,19.687
2019-08-17 11:13:08,19.312,19.812,19.687
2019-08-17 11:13:14,19.312,19.812,19.687
2019-08-17 11:13:20,19.312,19.812,19.687
2019-08-17 11:13:25,19.312,19.812,19.687
2019-08-17 11:13:31,19.312,19.812,19.687
2019-08-17 11:13:37,19.312,19.812,19.687
2019-08-17 11:13:42,19.312,19.812,19.687
2019-08-17 11:13:48,19.312,19.812,19.687
2019-08-17 11:13:54,19.312,19.812,19.687
2019-08-17 11:13:59,19.312,19.812,19.687
2019-08-17 11:14:05,19.312,19.812,19.687
2019-08-17 11:14:11,19.312,19.812,19.687
2019-08-17 11:14:16,19.312,19.812,19.687
2019-08-17 11:14:22,19.312,19.812,19.687
2019-08-17 11:14:28,19.312,19.812,19.687
2019-08-17 11:14:34,19.312,19.812,19.687
2019-08-17 11:14:40,19.312,19.812,19.687
2019-08-17 11:14:46,19.312,19.812,19.687
2019-08-17 11:14:51,19.312,19.812,19.687
2019-08-17 11:14:57,19.312,19.812,19.687
2019-08-17 11:15:03,19.312,19.812,19.687
2019-08-17 11:15:09,19.312,19.812,19.687
2019-08-17 11:15:14,19.312,19.812,19.687
2019-08-17 11:15:20,19.312,19.812,19.687
2019-08-17 11:15:26,19.312,19.812,19.687
2019-08-17 11:15:31,19.312,19.812,19.687
2019-08-17 11:15:38,19.312,19.75,19.687
2019-08-17 11:15:44,19.312,19.75,19.687
2019-08-17 11:15:49,19.312,19.812,19.687
2019-08-17 11:15:56,19.312,19.812,19.687
2019-08-17 11:16:03,19.312,19.812,19.687
2019-08-17 11:16:08,19.312,19.812,19.687
2019-08-17 11:16:14,19.312,19.812,19.687
2019-08-17 11:16:20,19.312,19.812,19.687
2019-08-17 11:16:26,19.312,19.812,19.687
2019-08-17 11:16:31,19.312,19.812,19.687
2019-08-17 11:16:37,19.312,19.812,19.687
2019-08-17 11:16:43,19.312,19.812,19.687
2019-08-17 11:16:49,19.312,19.812,19.687
2019-08-17 11:16:55,19.312,19.812,19.687
2019-08-17 11:17:00,19.312,19.812,19.687
2019-08-17 11:17:06,19.312,19.812,19.687
2019-08-17 11:17:12,19.312,19.812,19.687
2019-08-17 11:17:18,19.312,19.812,19.687
2019-08-17 11:17:23,19.312,19.812,19.687
2019-08-17 11:17:29,19.312,19.812,19.687
2019-08-17 11:17:35,19.312,19.812,19.687
2019-08-17 11:17:40,19.312,19.812,19.687
2019-08-17 11:17:46,19.312,19.812,19.687
2019-08-17 11:17:52,19.312,19.812,19.687
2019-08-17 11:17:57,19.312,19.812,19.687
2019-08-17 11:18:03,19.312,19.812,19.687
2019-08-17 11:18:09,19.312,19.812,19.687
2019-08-17 11:18:16,19.312,19.812,19.687
2019-08-17 11:18:22,19.312,19.812,19.687
2019-08-17 11:18:28,19.312,19.812,19.687
2019-08-17 11:18:34,19.312,19.812,19.687
2019-08-17 11:18:40,19.312,19.812,19.687
2019-08-17 11:18:45,19.312,19.812,19.687
2019-08-17 11:18:51,19.312,19.812,19.687
2019-08-17 11:18:58,19.312,19.812,19.687
2019-08-17 11:19:04,19.312,19.812,19.687
2019-08-17 11:19:09,19.312,19.812,19.687
2019-08-17 11:19:15,19.312,19.812,19.687
2019-08-17 11:19:21,19.312,19.812,19.687
2019-08-17 11:19:26,19.312,19.812,19.687
2019-08-17 11:19:32,19.312,19.812,19.687
2019-08-17 11:19:38,19.312,19.812,19.687
2019-08-17 11:19:43,19.312,19.812,19.687
2019-08-17 11:19:49,19.312,19.812,19.687
2019-08-17 11:19:55,19.312,19.812,19.687
2019-08-17 11:20:00,19.312,19.812,19.687
2019-08-17 11:20:06,19.312,19.812,19.687
2019-08-17 11:20:12,19.312,19.812,19.687
2019-08-17 11:20:18,19.312,19.812,19.687
2019-08-17 11:20:24,19.312,19.812,19.687
2019-08-17 11:20:30,19.312,19.812,19.687
2019-08-17 11:20:35,19.312,19.812,19.687
2019-08-17 11:20:41,19.312,19.812,19.687
2019-08-17 11:20:47,19.312,19.812,19.687
2019-08-17 11:20:52,19.312,19.812,19.687
2019-08-17 11:20:59,19.312,19.812,19.687
2019-08-17 11:21:05,19.312,19.812,19.687
2019-08-17 11:21:11,19.312,19.812,19.687
2019-08-17 11:21:16,19.312,19.812,19.687
2019-08-17 11:21:22,19.312,19.812,19.687
2019-08-17 11:21:28,19.312,19.812,19.687
2019-08-17 11:21:33,19.312,19.812,19.687
2019-08-17 11:21:39,19.312,19.812,19.687
2019-08-17 11:21:45,19.312,19.812,19.687
2019-08-17 11:21:50,19.312,19.812,19.687
2019-08-17 11:21:57,19.312,19.812,19.687
2019-08-17 11:22:03,19.312,19.812,19.687
2019-08-17 11:22:08,19.312,19.812,19.687
2019-08-17 11:22:14,19.312,19.812,19.687
2019-08-17 11:22:20,19.312,19.812,19.687
2019-08-17 11:22:25,19.312,19.812,19.75
2019-08-17 11:22:34,19.312,19.812,19.687
2019-08-17 11:22:40,19.312,19.812,19.687
2019-08-17 11:22:46,19.312,19.812,19.75
2019-08-17 11:22:52,19.312,19.812,19.687
2019-08-17 11:22:57,19.312,19.812,19.75
2019-08-17 11:23:03,19.312,19.812,19.75
2019-08-17 11:23:09,19.312,19.812,19.687
2019-08-17 11:23:14,19.375,19.812,19.687
2019-08-17 11:23:21,19.312,19.812,19.687
2019-08-17 11:23:27,19.312,19.812,19.687
2019-08-17 11:23:32,19.312,19.812,19.687
2019-08-17 11:23:38,19.312,19.812,19.687
2019-08-17 11:23:44,19.375,19.812,19.687
2019-08-17 11:23:49,19.312,19.812,19.687
2019-08-17 11:23:55,19.312,19.812,19.687
2019-08-17 11:24:01,19.312,19.812,19.75
2019-08-17 11:24:06,19.375,19.812,19.687
2019-08-17 11:24:12,19.375,19.812,19.687
2019-08-17 11:24:18,19.312,19.812,19.687
2019-08-17 11:24:24,19.312,19.812,19.687
2019-08-17 11:24:29,19.312,19.812,19.687
2019-08-17 11:24:35,19.375,19.812,19.687
2019-08-17 11:24:41,19.312,19.812,19.687
2019-08-17 11:24:46,19.312,19.812,19.687
2019-08-17 11:24:52,19.375,19.812,19.687
2019-08-17 11:24:58,19.375,19.812,19.75
2019-08-17 11:25:03,19.312,19.812,19.687
2019-08-17 11:25:09,19.312,19.812,19.75
2019-08-17 11:25:15,19.312,19.812,19.75
2019-08-17 11:25:20,19.375,19.812,19.687
2019-08-17 11:25:26,19.312,19.812,19.687
2019-08-17 11:25:32,19.312,19.812,19.687
2019-08-17 11:25:37,19.312,19.812,19.687
2019-08-17 11:25:43,19.375,19.812,19.687
2019-08-17 11:25:49,19.312,19.812,19.687
2019-08-17 11:25:54,19.312,19.812,19.687
2019-08-17 11:26:00,19.312,19.812,19.75
2019-08-17 11:26:06,19.375,19.812,19.687
2019-08-17 11:26:12,19.312,19.812,19.75
2019-08-17 11:26:18,19.312,19.812,19.687
2019-08-17 11:26:24,19.375,19.812,19.75
2019-08-17 11:26:30,19.375,19.812,19.75
2019-08-17 11:26:35,19.375,19.812,19.687
2019-08-17 11:26:41,19.375,19.812,19.687
2019-08-17 11:26:47,19.375,19.812,19.75
2019-08-17 11:26:53,19.375,19.812,19.687
2019-08-17 11:27:00,19.375,19.812,19.75
2019-08-17 11:27:06,19.375,19.812,19.75
2019-08-17 11:27:12,19.375,19.812,19.687
2019-08-17 11:27:19,19.312,19.812,19.75
2019-08-17 11:27:24,19.375,19.812,19.687
2019-08-17 11:27:30,19.375,19.812,19.75
2019-08-17 11:27:36,19.312,19.812,19.75
2019-08-17 11:27:41,19.312,19.812,19.687
2019-08-17 11:27:47,19.375,19.812,19.75
2019-08-17 11:27:53,19.312,19.812,19.75
2019-08-17 11:27:58,19.375,19.812,19.75
2019-08-17 11:28:04,19.312,19.812,19.75
2019-08-17 11:28:10,19.312,19.812,19.75
2019-08-17 11:28:15,19.375,19.812,19.75
2019-08-17 11:28:21,19.375,19.812,19.75
2019-08-17 11:28:27,19.375,19.812,19.75
2019-08-17 11:28:32,19.312,19.812,19.75
2019-08-17 11:28:38,19.375,19.812,19.75
2019-08-17 11:28:44,19.375,19.812,19.75
2019-08-17 11:28:49,19.375,19.812,19.687
2019-08-17 11:28:55,19.375,19.812,19.75
2019-08-17 11:29:01,19.375,19.812,19.687
2019-08-17 11:29:06,19.312,19.812,19.75
2019-08-17 11:29:12,19.375,19.875,19.75
2019-08-17 11:29:19,19.375,19.812,19.75
2019-08-17 11:29:24,19.375,19.812,19.75
2019-08-17 11:29:30,19.375,19.875,19.75
2019-08-17 11:29:36,19.375,19.875,19.75
2019-08-17 11:29:41,19.375,19.812,19.75
2019-08-17 11:29:47,19.375,19.812,19.75
2019-08-17 11:29:53,19.375,19.812,19.75
2019-08-17 11:29:59,19.375,19.875,19.75
2019-08-17 11:30:04,19.375,19.812,19.75
2019-08-17 11:30:10,19.375,19.812,19.75
2019-08-17 11:30:16,19.375,19.812,19.75
2019-08-17 11:30:21,19.375,19.812,19.75
2019-08-17 11:30:27,19.375,19.812,19.75
2019-08-17 11:30:33,19.375,19.812,19.75
2019-08-17 11:30:39,19.375,19.812,19.75
2019-08-17 11:30:45,19.375,19.812,19.75
2019-08-17 11:30:52,19.375,19.812,19.75
2019-08-17 11:30:57,19.375,19.812,19.75
2019-08-17 11:31:04,19.375,19.812,19.75
2019-08-17 11:31:10,19.375,19.812,19.75
2019-08-17 11:31:16,19.375,19.812,19.75
2019-08-17 11:31:22,19.375,19.812,19.75
2019-08-17 11:31:28,19.375,19.812,19.75
2019-08-17 11:31:33,19.312,19.875,19.75
2019-08-17 11:31:39,19.375,19.812,19.75
2019-08-17 11:31:45,19.375,19.812,19.687
2019-08-17 11:31:51,19.375,19.812,19.75
2019-08-17 11:31:56,19.375,19.812,19.75
2019-08-17 11:32:02,19.375,19.812,19.75
2019-08-17 11:32:09,19.375,19.812,19.75
2019-08-17 11:32:15,19.375,19.812,19.75
2019-08-17 11:32:20,19.375,19.812,19.75
2019-08-17 11:32:26,19.375,19.812,19.75
2019-08-17 11:32:32,19.375,19.875,19.75
2019-08-17 11:32:37,19.375,19.812,19.75
2019-08-17 11:32:44,19.375,19.812,19.75
2019-08-17 11:32:50,19.375,19.875,19.75
2019-08-17 11:32:55,19.375,19.875,19.75
2019-08-17 11:33:01,19.375,19.875,19.75
2019-08-17 11:33:07,19.375,19.812,19.75
2019-08-17 11:33:12,19.375,19.812,19.75
2019-08-17 11:33:18,19.375,19.812,19.75
2019-08-17 11:33:24,19.312,19.875,19.75
2019-08-17 11:33:30,19.375,19.812,19.75
2019-08-17 11:33:35,19.375,19.812,19.75
2019-08-17 11:33:42,19.375,19.812,19.75
2019-08-17 11:33:48,19.375,19.812,19.75
2019-08-17 11:33:53,19.375,19.812,19.75
2019-08-17 11:34:00,19.375,19.812,19.75
2019-08-17 11:34:06,19.375,19.812,19.75
2019-08-17 11:34:11,19.375,19.812,19.75
2019-08-17 11:34:17,19.375,19.812,19.75
2019-08-17 11:34:23,19.375,19.812,19.75
2019-08-17 11:34:29,19.375,19.875,19.75
2019-08-17 11:34:34,19.375,19.812,19.75
2019-08-17 11:34:40,19.375,19.812,19.75
2019-08-17 11:34:46,19.375,19.812,19.75
2019-08-17 11:34:51,19.375,19.812,19.75
2019-08-17 11:34:58,19.375,19.812,19.75
2019-08-17 11:35:03,19.375,19.812,19.75
2019-08-17 11:35:09,19.375,19.812,19.75
2019-08-17 11:35:15,19.375,19.812,19.75
2019-08-17 11:35:21,19.375,19.812,19.75
2019-08-17 11:35:27,19.375,19.812,19.75
2019-08-17 11:35:33,19.375,19.875,19.75
2019-08-17 11:35:39,19.375,19.812,19.75
2019-08-17 11:35:45,19.375,19.875,19.75
2019-08-17 11:35:50,19.375,19.812,19.75
2019-08-17 11:35:56,19.375,19.812,19.75
2019-08-17 11:36:03,19.375,19.812,19.75
2019-08-17 11:36:09,19.375,19.812,19.75
2019-08-17 11:36:15,19.375,19.812,19.75
2019-08-17 11:36:20,19.375,19.812,19.75
2019-08-17 11:36:26,19.375,19.812,19.75
2019-08-17 11:36:32,19.375,19.812,19.75
2019-08-17 11:36:38,19.375,19.875,19.75
2019-08-17 11:36:45,19.375,19.812,19.75
2019-08-17 11:36:51,19.375,19.812,19.75
2019-08-17 11:36:56,19.375,19.812,19.75
2019-08-17 11:37:03,19.375,19.812,19.75
2019-08-17 11:37:09,19.375,19.812,19.75
2019-08-17 11:37:14,19.375,19.812,19.75
2019-08-17 11:37:20,19.375,19.875,19.75
2019-08-17 11:37:26,19.375,19.812,19.75
2019-08-17 11:37:31,19.375,19.875,19.75
2019-08-17 11:37:37,19.375,19.875,19.75
2019-08-17 11:37:43,19.375,19.875,19.75
2019-08-17 11:37:49,19.375,19.875,19.75
2019-08-17 11:37:54,19.375,19.812,19.75
2019-08-17 11:38:00,19.375,19.812,19.75
2019-08-17 11:38:06,19.375,19.812,19.75
2019-08-17 11:38:11,19.375,19.875,19.75
2019-08-17 11:38:17,19.375,19.812,19.75
2019-08-17 11:38:23,19.375,19.875,19.75
2019-08-17 11:38:28,19.375,19.875,19.75
2019-08-17 11:38:35,19.375,19.812,19.75
2019-08-17 11:38:41,19.375,19.875,19.75
2019-08-17 11:38:46,19.375,19.875,19.75
2019-08-17 11:38:52,19.375,19.875,19.75
2019-08-17 11:38:59,19.375,19.875,19.75
2019-08-17 11:39:05,19.375,19.875,19.75
2019-08-17 11:39:12,19.375,19.812,19.75
2019-08-17 11:39:18,19.375,19.875,19.75
2019-08-17 11:39:24,19.375,19.875,19.75
2019-08-17 11:39:29,19.375,19.875,19.75
2019-08-17 11:39:36,19.375,19.875,19.75
2019-08-17 11:39:42,19.375,19.875,19.75
2019-08-17 11:39:47,19.375,19.812,19.75
2019-08-17 11:39:53,19.375,19.812,19.75
2019-08-17 11:39:59,19.375,19.875,19.75
2019-08-17 11:40:05,19.375,19.875,19.75
2019-08-17 11:40:11,19.375,19.875,19.75
2019-08-17 11:40:17,19.375,19.812,19.75
2019-08-17 11:40:22,19.375,19.875,19.75
2019-08-17 11:40:28,19.375,19.812,19.75
2019-08-17 11:40:34,19.375,19.875,19.75
2019-08-17 11:40:39,19.375,19.875,19.75
2019-08-17 11:40:45,19.375,19.875,19.75
2019-08-17 11:40:52,19.375,19.812,19.75
2019-08-17 11:40:57,19.375,19.875,19.75
2019-08-17 11:41:03,19.375,19.875,19.75
2019-08-17 11:41:09,19.375,19.875,19.75
2019-08-17 11:41:14,19.375,19.875,19.75
2019-08-17 11:41:21,19.375,19.875,19.75
2019-08-17 11:41:26,19.375,19.812,19.75
2019-08-17 11:41:32,19.375,19.875,19.75
2019-08-17 11:41:38,19.312,19.812,19.75
2019-08-17 11:41:43,19.375,19.812,19.75
2019-08-17 11:41:49,19.375,19.875,19.75
2019-08-17 11:41:55,19.375,19.812,19.75
2019-08-17 11:42:00,19.375,19.875,19.75
2019-08-17 11:42:06,19.375,19.812,19.75
2019-08-17 11:42:12,19.375,19.875,19.75
2019-08-17 11:42:17,19.375,19.812,19.75
2019-08-17 11:42:23,19.375,19.812,19.75
2019-08-17 11:42:29,19.375,19.812,19.75
2019-08-17 11:42:34,19.375,19.812,19.75
2019-08-17 11:42:40,19.375,19.812,19.75
2019-08-17 11:42:46,19.375,19.875,19.75
2019-08-17 11:42:52,19.375,19.812,19.75
2019-08-17 11:42:57,19.375,19.875,19.75
2019-08-17 11:43:03,19.375,19.812,19.75
2019-08-17 11:43:09,19.375,19.812,19.75
2019-08-17 11:43:15,19.375,19.812,19.75
2019-08-17 11:43:21,19.375,19.812,19.75
2019-08-17 11:43:26,19.375,19.812,19.75
2019-08-17 11:43:32,19.375,19.812,19.75
2019-08-17 11:43:38,19.375,19.812,19.75
2019-08-17 11:43:43,19.375,19.812,19.75
2019-08-17 11:43:49,19.375,19.812,19.75
2019-08-17 11:43:55,19.375,19.875,19.75
2019-08-17 11:44:01,19.375,19.812,19.75
2019-08-17 11:44:09,19.312,19.812,19.75
2019-08-17 11:44:14,19.375,19.812,19.75
2019-08-17 11:44:20,19.375,19.812,19.75
2019-08-17 11:44:26,19.375,19.812,19.75
2019-08-17 11:44:31,19.375,19.812,19.75
2019-08-17 11:44:37,19.375,19.812,19.75
2019-08-17 11:44:43,19.375,19.812,19.75
2019-08-17 11:44:48,19.375,19.812,19.75
2019-08-17 11:44:54,19.375,19.812,19.75
2019-08-17 11:45:00,19.375,19.812,19.75
2019-08-17 11:45:06,19.375,19.812,19.75
2019-08-17 11:45:12,19.375,19.812,19.75
2019-08-17 11:45:18,19.375,19.812,19.75
2019-08-17 11:45:24,19.375,19.812,19.75
2019-08-17 11:45:29,19.375,19.812,19.75
2019-08-17 11:45:35,19.312,19.812,19.75
2019-08-17 11:45:41,19.375,19.812,19.75
2019-08-17 11:45:47,19.375,19.812,19.75
2019-08-17 11:45:53,19.375,19.812,19.75
2019-08-17 11:45:59,19.375,19.812,19.75
2019-08-17 11:46:04,19.375,19.812,19.75
2019-08-17 11:46:10,19.375,19.812,19.75
2019-08-17 11:46:16,19.375,19.812,19.75
2019-08-17 11:46:21,19.375,19.812,19.75
2019-08-17 11:46:27,19.375,19.812,19.75
2019-08-17 11:46:33,19.375,19.812,19.75
2019-08-17 11:46:38,19.375,19.812,19.75
2019-08-17 11:46:44,19.375,19.812,19.75
2019-08-17 11:46:50,19.312,19.812,19.687
2019-08-17 11:46:56,19.312,19.812,19.75
2019-08-17 11:47:01,19.375,19.812,19.687
2019-08-17 11:47:07,19.375,19.812,19.75
2019-08-17 11:47:13,19.312,19.812,19.75
2019-08-17 11:47:18,19.375,19.812,19.75
2019-08-17 11:47:24,19.312,19.812,19.75
2019-08-17 11:47:30,19.312,19.812,19.75
2019-08-17 11:47:35,19.375,19.812,19.75
2019-08-17 11:47:41,19.375,19.812,19.75
2019-08-17 11:47:47,19.375,19.812,19.75
2019-08-17 11:47:52,19.312,19.812,19.75
2019-08-17 11:47:58,19.312,19.812,19.75
2019-08-17 11:48:04,19.312,19.812,19.75
2019-08-17 11:48:09,19.312,19.812,19.687
2019-08-17 11:48:15,19.312,19.812,19.687
2019-08-17 11:48:21,19.375,19.812,19.75
2019-08-17 11:48:27,19.312,19.812,19.75
2019-08-17 11:48:32,19.375,19.812,19.687
2019-08-17 11:48:38,19.312,19.812,19.687
2019-08-17 11:48:44,19.312,19.812,19.75
2019-08-17 11:48:49,19.312,19.812,19.75
2019-08-17 11:48:56,19.312,19.812,19.75
2019-08-17 11:49:01,19.375,19.812,19.687
2019-08-17 11:49:07,19.312,19.812,19.75
2019-08-17 11:49:13,19.312,19.812,19.75
2019-08-17 11:49:18,19.312,19.812,19.687
2019-08-17 11:49:24,19.312,19.812,19.687
2019-08-17 11:49:30,19.312,19.812,19.687
2019-08-17 11:49:36,19.312,19.812,19.75
2019-08-17 11:49:41,19.312,19.812,19.687
2019-08-17 11:49:47,19.312,19.812,19.75
2019-08-17 11:49:53,19.312,19.812,19.75
2019-08-17 11:49:58,19.312,19.812,19.687
2019-08-17 11:50:04,19.312,19.812,19.687
2019-08-17 11:50:10,19.312,19.812,19.687
2019-08-17 11:50:15,19.312,19.812,19.687
2019-08-17 11:50:21,19.312,19.812,19.75
2019-08-17 11:50:27,19.312,19.812,19.75
2019-08-17 11:50:32,19.312,19.812,19.687
2019-08-17 11:50:38,19.375,19.812,19.687
2019-08-17 11:50:44,19.312,19.812,19.687
2019-08-17 11:50:50,19.312,19.812,19.687
